Indiv,POS_76321,POS_22041,POS_79751,POS_74071,POS_47018,POS_5919,POS_28708,POS_85231,POS_32183,POS_15894,POS_62741,POS_53390,POS_45003,POS_81526,POS_17183,POS_43503,POS_12254,POS_3130,POS_80906,POS_47216,POS_42738,POS_22334,POS_10332,POS_54515,POS_55212,POS_96799,POS_85213,POS_98487,POS_55409,POS_8592,POS_3686,POS_68217,POS_78751,POS_73155,POS_84958,POS_38534,POS_1366,POS_80783,POS_93485,POS_31482,POS_20475,POS_67502,POS_51232,POS_94223,POS_18359,POS_95542,POS_32569,POS_95456,POS_46344,POS_50398,POS_10690,POS_9497,POS_48144,POS_97160,POS_37213,POS_29649,POS_42582,POS_76477,POS_30143,POS_80498,POS_2905,POS_78839,POS_7481,POS_77384,POS_33228,POS_99066,POS_13112,POS_5516,POS_45174,POS_77187,POS_38510,POS_10120,POS_56045,POS_49099,POS_79578,POS_26771,POS_82972,POS_50310,POS_46518,POS_83648,POS_82019,POS_92097,POS_11434,POS_75395,POS_29686,POS_294,POS_62090,POS_39914,POS_12460
i105,0,0,0,0,0,0,0,2,0,0,0,0,0,0,0,0,0,2,0,0,2,0,2,2,2,0,0,0,0,0,0,0,2,0,0,0,0,0,2,0,2,0,0,0,0,0,0,0,0,0,0,0,2,0,0,0,0,0,0,0,0,0,0,0,0,0,,,,,,,,,,,,,,,,,,,,,,,
i112,0,0,0,0,,,0,2,2,0,,,0,0,0,,,2,,0,2,0,,,2,0,0,0,,0,0,,0,,0,0,0,0,2,0,,0,,0,,0,0,2,0,1,2,0,,,0,,,,0,0,0,0,2,0,,1,0,0,2,0,0,0,0,0,1,2,2,0,0,0,2,0,1,,,,,,
i113,0,0,0,0,0,0,0,2,1,0,0,,0,0,0,0,,,,,,,,2,2,0,0,0,0,,0,0,,,0,0,,0,2,0,2,0,1,0,,,,,0,0,1,,1,0,1,0,,0,0,0,0,0,1,0,0,1,,,,0,0,0,,0,1,2,1,0,0,0,,0,1,0,0,0,0,0,
i123,1,0,1,,0,,0,2,1,,0,0,,0,0,0,0,,1,0,,0,,2,2,,0,0,0,0,,0,,0,,0,1,0,2,0,,0,,,0,0,0,,,,,0,,0,0,0,,0,0,0,0,0,0,0,0,0,0,0,2,0,,,,0,0,2,,0,,,2,0,0,,0,0,,0,0
i128,2,0,0,0,0,0,,2,2,,0,0,0,,0,,0,2,2,1,2,,,2,,0,0,0,0,0,0,0,0,0,0,,,0,2,0,,,,0,,,0,,0,,2,0,0,0,0,0,0,0,,0,,0,,,0,0,0,0,,0,0,0,0,0,0,,2,0,0,,2,0,0,0,0,,,0,
i13,1,,0,0,0,0,0,2,2,0,0,,0,0,0,,,2,,0,2,,,,,,,0,1,0,,0,0,0,0,0,,0,2,0,2,,,0,0,1,0,,,,2,0,0,0,0,1,0,,0,,1,0,2,0,0,,,0,2,,0,0,0,0,0,2,2,0,0,0,,0,0,0,0,0,0,0,
i135,,,,,0,0,0,2,1,0,,,0,0,0,0,0,,0,,2,,1,2,2,0,0,0,0,,0,,1,0,0,0,0,0,2,0,2,0,1,0,0,,,1,,1,1,0,,0,,,0,0,,,,,1,,0,,0,0,2,0,0,,0,0,,2,1,0,0,0,2,,0,,0,,,0,
i143,0,0,0,0,0,0,0,2,1,0,,0,0,0,,1,,2,,,2,,,,,,,0,,0,0,,1,0,,,0,,2,0,2,0,1,0,0,0,0,1,0,0,,0,1,0,0,0,,0,0,,0,,1,0,0,1,0,,2,,0,,0,,,2,1,0,0,0,2,0,1,0,,0,,0,
i146,1,0,0,,0,,0,2,2,,0,0,0,0,,,,2,0,,2,0,,,2,0,0,0,1,,1,,,0,0,0,0,,2,0,,,,0,0,1,0,2,0,0,,0,0,0,0,,0,0,0,0,,0,2,,0,0,,,,,0,,0,0,0,2,2,,0,0,2,0,0,,0,,0,,0
i152,1,0,,0,0,0,0,,2,0,,0,0,0,0,0,0,,1,0,2,0,0,2,2,,0,0,0,0,,,0,,0,,,1,,0,2,0,,,0,,0,2,0,1,,0,0,0,0,0,,,,0,0,0,1,0,,,,0,2,,0,0,0,0,0,,2,0,1,0,2,,,0,0,0,0,,0
i153,1,,0,0,0,0,,,,0,,0,0,0,0,0,,,1,0,2,0,1,,2,,,,,0,,0,1,0,,0,1,0,2,0,2,0,,0,,,0,1,0,0,1,0,1,0,0,0,,0,,0,0,0,0,,0,0,0,,,0,0,,0,0,0,,1,0,,0,2,0,,0,,0,,0,
i156,0,,,,,0,0,,1,0,0,0,,,0,0,0,,0,,2,0,,,2,0,0,1,0,0,0,0,0,0,,,1,0,,0,2,0,1,0,,0,0,1,0,0,2,0,0,0,0,,0,0,1,0,,,1,0,,1,0,0,2,0,0,0,1,,1,,1,0,0,0,2,0,1,,1,0,0,0,0
i162,2,0,0,0,,0,,2,,0,0,,0,0,0,,0,,2,,2,0,0,2,,0,0,,0,,0,0,0,0,0,0,0,,,0,,0,2,0,0,0,0,2,,0,2,,0,0,0,0,0,0,0,0,,0,2,,0,,0,0,2,1,0,0,,0,0,,,0,0,,2,,,0,0,0,0,,
i164,2,,0,,0,0,,2,2,0,0,0,0,,0,0,,2,,0,2,0,,2,2,0,0,0,0,0,,0,,0,0,,,0,,0,2,,2,,0,0,0,2,0,0,,0,0,0,0,,0,,0,0,0,0,2,0,0,,0,0,2,0,0,0,0,0,0,2,2,0,,2,2,0,,1,,0,,,0
i168,0,0,0,,0,0,0,,1,0,0,1,,,,0,0,2,,0,,0,0,,2,0,0,1,0,0,,0,0,0,0,0,,0,2,0,,0,,0,,1,0,1,,0,2,,0,0,0,,,0,1,0,0,,1,0,0,0,0,,2,,,0,0,0,0,2,1,0,,0,2,0,,,0,,,0,
i170,0,,0,,0,,,,1,,,0,0,1,0,0,0,,0,0,2,0,1,2,2,,0,,,0,0,0,1,0,,0,0,0,2,0,,0,1,0,0,0,0,1,0,0,,,1,0,,,0,,0,0,0,0,,0,,1,,0,,,0,,1,0,1,2,1,0,,0,2,0,,0,,0,,,0
i177,2,0,,,0,,0,2,2,0,0,0,0,0,,,0,,,0,2,0,,,,0,0,0,0,0,,0,0,0,0,0,1,0,2,0,,,2,0,0,,,,,0,2,0,0,,0,0,,,0,0,,0,1,0,0,0,0,,2,0,0,0,0,,,2,,0,1,,2,,0,,,0,,0,0
i179,1,0,1,,0,,,2,1,0,0,0,0,,0,0,,,,,2,0,1,2,2,,,0,0,0,0,0,1,0,0,0,1,,2,0,,0,,,,0,,1,,,1,0,1,,0,0,0,0,0,0,0,0,,0,,,0,0,2,,0,0,0,,0,2,1,,,,2,,0,0,0,0,0,0,0
i186,2,,0,0,,,0,2,1,1,0,0,,0,0,0,0,1,2,0,2,0,,2,2,0,0,0,0,0,0,0,,,,0,,0,2,0,,0,2,0,0,0,1,2,,0,,0,0,0,0,0,,,,0,0,0,1,0,0,,,,2,,,0,0,0,0,,2,0,0,1,2,0,0,0,0,0,0,0,
i194,,0,0,0,,0,,2,0,0,0,,0,0,,0,,2,,0,2,,1,2,2,,0,0,,0,0,,1,0,0,,1,0,2,,2,0,,0,,,0,1,0,,1,0,1,,0,0,0,0,1,,0,0,0,0,0,,,0,2,,,0,0,,0,2,0,0,0,0,,,0,0,,0,0,,0
i20,0,,0,0,,0,0,2,,,,0,0,0,0,,0,,,,2,0,1,,,,0,,0,,,0,,0,,0,0,0,2,0,2,0,1,0,0,1,,,,0,1,,1,0,0,1,0,,0,0,0,0,1,0,0,0,1,0,2,0,0,0,,,0,,1,,0,0,2,0,0,0,0,,0,0,0
i202,0,0,0,0,0,,0,2,1,0,0,,,0,,0,,,0,0,2,,1,,2,0,0,,0,0,0,,1,0,0,0,,0,,0,2,,1,,0,1,0,1,0,,1,0,1,0,,1,0,,0,0,0,0,1,0,0,0,0,,,0,0,,0,0,,2,1,,0,0,2,0,,0,,0,,,0
i204,,,,0,0,0,0,2,0,,0,,,0,0,,0,1,,0,2,0,0,,2,,0,0,,0,0,,,0,0,,,0,2,0,,,1,0,0,0,1,,0,0,,0,0,0,0,0,0,0,2,0,,0,,0,0,0,,0,,,0,0,0,0,0,2,1,0,0,0,2,,0,0,0,0,,,1
i205,2,0,,0,0,,0,2,1,,0,0,0,0,,0,0,1,,,2,0,,2,2,,0,0,,0,,0,,0,0,,1,0,2,0,2,0,2,0,0,0,1,,0,0,,,0,,0,0,0,,1,0,,0,,0,0,0,,,2,,0,0,,,0,,2,0,,0,2,,,0,,0,0,0,1
i207,,0,0,0,,,0,2,2,0,,0,0,0,0,0,0,,0,0,,0,,,2,0,0,0,0,0,,0,0,,0,0,,0,2,0,,,,0,0,,,,0,0,,0,,0,0,,1,0,0,0,0,0,,0,0,0,0,0,2,0,0,1,0,0,,2,,0,0,0,,0,0,,0,0,0,0,0
i213,2,0,0,0,0,0,0,2,,0,0,0,0,,1,0,0,2,2,0,,0,0,,2,0,0,0,0,0,0,0,0,,,,0,0,2,0,2,0,2,0,0,,,,0,,2,,,0,0,0,0,0,,0,0,,2,0,0,0,,,2,0,,,0,0,0,,2,0,0,1,2,1,,0,0,,,,
i224,0,0,0,0,0,0,,2,1,0,0,0,0,,0,0,0,2,0,0,2,0,1,2,,0,,,1,0,1,0,1,0,,0,0,,,0,,,,,0,1,0,1,,0,1,0,,0,0,,0,,0,0,,0,1,0,0,0,,,2,,0,0,0,0,0,2,1,0,0,0,,0,,0,0,0,,0,
i226,1,,0,0,,,,2,1,0,,,,0,0,0,0,,,0,2,0,0,2,,,,0,0,0,,0,0,0,0,0,1,0,2,0,2,0,1,0,0,,0,,0,,,0,0,0,0,0,0,,1,0,1,0,1,,0,0,0,,2,1,0,,0,0,,2,,,0,,2,0,,0,,0,0,,0
i230,0,0,0,0,0,0,0,2,1,0,,0,1,,,,0,2,0,0,2,0,0,,,0,1,,0,0,0,,0,0,,0,,0,,,,0,,,0,,,1,0,1,2,1,0,0,0,,0,0,,0,0,0,,,0,,,0,2,,0,,0,,0,2,1,0,0,0,2,0,0,0,0,0,0,0,0
i234,2,0,,,0,0,0,2,,1,0,,0,0,0,0,0,1,2,,2,,0,,,,0,0,,,,0,0,0,0,0,0,0,,0,,0,2,0,0,0,1,,0,,,0,0,0,0,0,,0,,,0,0,1,0,,0,,0,2,0,0,,,0,,,2,0,0,1,2,0,0,0,0,0,0,0,1
i24,,0,0,0,0,,,2,1,0,0,0,0,0,,,0,2,,0,,0,,2,,0,0,,,0,0,0,0,,0,0,1,0,2,,2,0,,,,0,0,,,,,0,,,,0,0,0,1,0,0,0,,0,,0,0,0,2,0,0,,0,0,0,2,1,,0,,2,0,,,,0,0,0,
i241,0,,0,0,,,0,2,2,0,0,0,0,,0,0,0,2,,0,2,0,0,2,2,0,0,0,1,0,,,0,0,,0,,0,2,0,2,,2,0,,1,0,2,0,0,2,0,0,0,,,,0,0,0,0,,2,,0,,0,0,,,0,,,0,1,2,2,,0,0,2,,1,0,1,0,,0,0
i245,0,0,0,0,,0,0,,2,0,1,0,0,0,0,0,0,,,0,2,0,0,,,0,,,1,0,1,,,0,,0,0,0,2,0,2,0,2,0,0,1,0,,,,2,0,,0,0,1,,0,0,,0,0,2,,0,1,,0,2,0,,0,0,,1,2,,0,,0,2,0,,0,,,,0,0
i248,2,,,0,0,,0,2,2,0,0,0,0,0,0,0,0,2,2,0,,0,0,2,,,,,0,,0,0,0,,,0,1,0,2,0,2,0,2,,0,,,2,0,0,,,0,0,0,,0,0,0,,0,0,1,0,,,0,,2,,0,0,0,0,0,2,2,0,0,1,,,,0,,0,0,0,0
i264,1,0,0,,,0,0,2,1,0,,0,,0,,0,0,,1,0,2,0,,2,2,,0,0,0,,,0,,0,0,0,0,,2,0,2,,1,,,0,0,,,0,1,,1,0,0,0,,0,,0,,,1,,0,,0,,2,0,0,0,0,,0,2,1,,0,0,2,1,,0,,0,0,0,0
i280,,0,,0,1,0,0,2,,0,,,0,0,0,0,0,2,0,0,2,0,2,,2,0,0,,,0,0,0,2,0,0,0,0,0,2,0,2,,,0,,0,0,,1,0,0,0,,0,,,,,0,0,,0,0,0,,0,0,0,2,0,0,0,,,0,2,,,,,,0,0,,,,,0,
i292,0,,,0,0,,0,,2,,0,,0,0,,0,0,2,0,0,2,0,0,2,,,0,,0,,0,0,,,0,,0,0,2,,2,0,,0,0,,,2,0,0,2,0,0,0,,1,0,0,0,0,,0,,0,,,,,2,,0,0,,0,0,,2,0,0,,2,0,,0,0,1,1,,0
i298,,0,0,,0,0,0,2,1,0,0,0,,,0,,,2,1,0,,,1,2,2,0,0,0,0,0,0,0,1,0,,0,0,0,,0,,,1,,0,0,0,1,,,1,,,0,,0,0,1,0,0,0,,,0,0,0,0,0,2,0,0,,0,0,0,,1,0,,,,0,0,0,0,0,0,0,
i300,0,0,0,0,0,0,0,2,1,0,,0,,1,0,0,0,2,0,0,2,,0,,2,0,0,0,0,0,0,0,0,0,0,0,1,,2,,,,1,,0,,,1,,0,,0,0,0,0,,0,,1,,0,0,1,,0,1,,0,,,0,0,1,0,,,1,0,0,0,2,0,1,,,,0,0,0
i302,0,0,,0,0,0,,2,1,0,0,0,0,,0,,0,2,,0,2,,0,2,2,1,,,,0,0,,,,0,0,1,0,,0,,0,1,0,0,0,,2,0,0,,0,,0,0,0,0,,,0,,0,1,0,0,1,0,0,2,,0,0,1,0,1,2,1,0,0,0,2,,,0,1,,,0,0
i307,2,0,,0,0,0,1,,,0,0,,0,,0,0,0,2,1,,,0,,,2,0,0,0,,0,0,0,0,,0,,,0,,0,,0,2,,0,0,0,,0,0,2,0,0,0,,0,0,,0,0,,0,2,0,0,,,,2,,0,0,0,0,0,2,2,0,0,1,2,0,,0,0,0,0,0,
i311,2,0,0,0,0,,0,,2,0,0,,0,0,0,,0,2,2,,2,,,,2,,0,0,0,0,0,0,,0,0,0,,0,2,0,2,0,2,0,,0,,2,,0,2,0,0,0,,0,0,,,,,0,2,0,0,0,0,0,2,0,0,0,0,0,0,2,2,,0,2,2,0,0,0,0,0,0,,
i312,,0,0,0,0,0,0,2,1,0,0,,,,0,0,0,2,,0,2,0,0,2,2,,0,,,0,,0,0,0,,0,1,,2,0,2,0,,0,0,1,,,0,,2,0,,,,1,0,0,1,0,0,0,1,0,0,0,,0,2,0,0,,0,0,0,,1,,0,0,2,0,0,0,,,0,0,0
i326,0,0,,,0,0,0,2,0,,0,0,,,0,,,2,,,2,0,1,,2,0,,,0,0,0,0,1,0,,0,1,0,2,0,2,0,,0,0,0,,0,0,0,1,0,,0,,0,,0,,0,0,0,,0,0,0,0,0,2,0,0,0,,0,0,2,0,0,0,0,2,0,,0,0,0,,0,0
i327,,0,0,0,0,0,0,2,1,0,0,0,0,0,,0,0,2,,,,0,1,,,0,,0,,0,1,0,,,0,0,,0,2,0,2,,,0,,1,0,1,,0,,0,1,0,,1,0,,0,0,,0,1,,0,0,0,,2,0,0,0,,0,0,2,1,0,,0,2,,0,0,,,0,,0
i334,1,,,0,0,,,2,1,0,0,0,0,0,0,0,0,,1,0,,,0,,2,0,0,,0,,,0,,,0,0,2,0,,,2,0,1,0,0,0,,1,0,0,2,0,0,,0,0,0,,1,,0,0,0,0,,0,0,0,,0,,0,0,0,0,2,,0,1,,2,0,0,,,,0,0,0
i336,,0,,,0,0,0,2,,0,0,0,0,0,0,0,,,0,,2,0,,,,,0,0,1,0,1,0,,0,,0,0,0,2,0,2,0,1,,,1,,1,0,0,,0,,0,,,,0,0,1,,0,1,0,,0,0,0,2,,0,,0,0,,2,,0,0,0,2,,,,0,0,0,0,0
i341,0,0,0,,0,0,0,,1,0,0,,,,0,0,0,2,0,,2,0,0,2,2,0,1,,0,,0,0,0,,0,0,0,0,,0,2,0,,0,,1,0,,0,0,2,,0,0,0,1,0,0,1,0,0,0,1,0,,,0,,,,0,,,0,,2,,,0,0,,,0,0,0,1,0,,0
i359,,,,,0,0,0,,1,0,0,0,,,,0,,2,,0,2,,1,,,0,,0,,0,,0,1,0,0,0,0,0,2,,,,1,,0,0,0,,,0,1,0,,0,0,0,0,0,0,0,0,0,1,0,0,1,0,0,2,0,0,0,,0,1,2,1,,0,0,2,,1,0,1,0,0,0,
i361,0,0,,0,0,0,0,2,,0,,,,0,0,0,,2,0,0,2,0,,2,2,,0,0,1,0,1,0,1,,0,,0,0,,0,,0,1,0,0,,,,0,0,1,0,1,,0,1,0,0,,,0,0,1,0,,0,0,0,2,0,,0,,0,,,1,0,0,,2,0,0,0,0,,,0,0
i375,0,0,0,,,,0,,1,0,0,0,,,0,0,,2,0,,2,0,1,2,2,,0,0,1,0,1,0,1,0,,0,0,,2,0,2,0,1,,0,1,0,1,0,0,1,0,1,0,,1,0,0,0,,,0,,,,,0,0,2,0,,0,0,0,0,,,,0,0,2,0,0,,0,0,,0,0
i376,0,,0,,,,,,2,0,0,0,0,0,0,0,,,0,0,2,0,0,2,,0,0,0,0,,0,0,0,0,0,1,,0,,,,0,2,0,,2,0,,,0,,0,,0,0,2,0,0,0,0,0,0,2,0,,,0,0,2,,0,,0,0,,2,2,,0,0,,0,0,0,,2,1,0,
i378,0,,,1,0,,0,,,,0,0,0,,0,1,,1,0,0,2,,1,,2,0,0,1,0,0,,0,1,,0,0,,,2,,,0,0,0,0,,0,0,0,0,0,0,1,,0,,,,1,0,,0,,0,0,0,0,0,,0,0,,0,0,0,,0,0,0,0,2,0,0,,0,0,0,0,
i381,0,,0,0,0,,0,2,1,0,0,0,0,0,0,0,0,2,0,,2,0,1,2,2,0,0,0,1,0,1,,,0,0,,0,0,,,2,0,,,0,1,0,1,0,0,1,,1,,0,1,0,0,0,0,,,,0,,0,0,0,,,0,,0,,,2,1,0,0,0,,0,,0,0,0,0,,0
i382,,0,0,,,0,,2,1,0,0,0,0,0,0,0,0,2,0,0,2,,,2,2,,0,1,0,,,0,0,0,,,,0,,,2,,,0,,1,0,1,,,2,0,0,,0,,0,0,1,0,,0,1,0,0,0,0,0,2,0,0,0,0,0,0,2,,0,0,,2,0,,,0,0,0,,0
i385,0,0,,0,0,0,0,2,,0,0,0,0,,0,0,0,2,,0,2,,2,2,2,0,,0,0,0,0,,2,0,0,0,0,0,2,0,2,0,,,,0,,0,0,0,0,,2,,0,0,0,,0,0,0,,,0,0,0,0,,,0,0,0,0,0,0,,0,0,0,,2,0,0,0,0,,0,0,0
i397,0,0,0,,0,,,,1,0,0,0,0,0,0,0,0,2,0,,,0,1,2,2,0,0,,0,,0,0,,0,0,0,,0,,0,,0,1,0,0,,,1,0,0,1,0,,0,0,1,,0,0,0,,0,,0,0,0,0,0,2,,,0,0,0,0,,1,0,0,0,2,0,0,0,,0,0,,0
i399,0,0,0,0,,0,0,,,,0,1,,0,0,0,0,2,0,0,2,0,0,2,,0,0,1,0,0,0,0,,,,0,,0,2,,2,0,1,0,,0,0,0,0,0,2,,,0,,0,,0,1,0,0,0,1,0,0,0,,0,,0,0,,0,0,,,0,0,0,,,,,0,0,0,0,0,0
i40,0,0,,,,0,,2,0,,0,,0,,0,0,,2,0,0,,0,2,2,2,0,0,,,,0,0,2,,0,0,0,0,,0,2,,,0,0,,0,0,0,0,0,0,,0,0,,,0,,0,0,0,0,0,0,0,0,0,2,0,0,0,,,0,,0,0,0,0,2,0,0,,,0,0,0,
i403,0,,,0,0,0,0,2,1,,0,0,0,,,0,,,0,0,2,0,0,,2,1,0,0,0,0,,0,0,0,0,0,1,0,,0,2,,1,0,0,1,0,,0,0,,0,,0,,,0,,1,0,0,0,1,0,0,,0,0,,,0,0,,0,,,1,0,0,0,,,0,0,0,1,0,0,0
i407,1,0,,0,0,0,,,2,0,0,,,0,0,0,,2,1,0,2,0,0,2,,,0,0,0,,,0,0,0,0,0,0,,2,0,2,0,,0,0,,,,0,,2,0,0,0,0,0,,0,,0,0,,2,0,0,,0,0,2,0,,0,,0,,,2,0,0,1,,0,,0,,,,0,0
i410,,0,0,0,,0,0,2,1,0,0,,,0,0,,,2,0,0,2,,,2,2,0,0,,0,0,0,0,0,0,0,,,0,2,0,,0,1,0,0,0,0,1,,0,2,0,,0,0,,,0,1,,,0,1,0,0,1,0,0,2,0,0,0,,1,,2,1,0,0,0,2,0,1,0,0,0,0,,0
i413,0,,0,0,0,0,0,2,0,0,0,0,,,0,0,,2,0,0,2,,2,2,2,0,0,,,0,,0,2,0,0,,0,0,2,,2,,0,0,0,,0,0,0,0,,,,0,0,0,0,,0,,0,0,0,,0,0,,0,2,,0,0,0,0,0,,0,,0,,2,0,0,0,,,0,0,
i416,2,0,0,0,,0,1,2,1,0,0,0,0,0,,0,0,,1,,2,0,0,2,2,,,0,0,0,0,,0,,0,0,1,,2,,,0,1,0,0,0,0,,0,0,2,0,,0,0,0,0,,1,0,,0,,0,0,0,,0,,0,,,0,0,0,,2,0,,1,2,0,,,,0,0,0,
i419,,0,0,0,0,,0,2,0,0,0,0,0,0,,0,0,2,0,0,,0,1,2,2,0,0,,,0,,0,1,0,0,0,1,0,2,,,,,0,0,,0,1,0,0,1,,1,,,,0,0,,0,,0,0,0,0,0,0,,2,0,0,0,,,0,,,0,,0,2,0,0,0,,0,0,0,0
i422,1,,0,0,0,0,0,2,,0,0,,,,0,0,0,,0,0,,0,,,,,0,1,0,0,0,0,0,,0,0,2,0,2,0,,,,0,,,0,1,,0,2,0,0,0,0,0,0,0,2,,,0,,0,0,,,0,2,0,,0,0,0,0,2,,0,,0,2,,0,0,,0,0,0,0
i425,,0,0,0,0,0,0,,0,0,0,,0,,,0,0,2,0,0,,0,,2,2,,0,0,,0,,0,1,0,,,1,0,,0,2,0,0,,0,0,0,0,0,0,1,,,0,0,0,0,0,,0,0,0,0,0,0,0,0,0,,0,,,,0,,2,0,0,0,,2,0,0,0,0,0,0,,0
i428,,0,0,,0,0,0,,2,,0,,,,,,0,2,0,0,2,0,0,2,,0,0,0,0,0,0,,,0,0,0,0,0,2,0,2,0,2,0,0,0,0,2,0,,2,,0,,,0,0,0,0,0,0,0,,,0,,0,,2,0,0,0,,,,,,0,0,0,,0,0,0,0,,,0,0
i433,,,0,0,0,0,0,,2,0,,0,0,,0,,0,2,0,0,2,0,0,2,,,0,,1,,1,0,,0,0,0,0,0,2,0,2,,,0,,,,2,,0,2,0,,0,0,2,0,0,0,0,,,2,0,0,,0,,,,,0,0,0,,2,2,0,0,0,,0,0,0,0,1,0,0,0
i44,,0,0,,0,0,,2,2,0,0,0,0,0,0,0,0,2,1,0,2,,,,2,0,,,0,0,0,0,0,0,,,,0,,,2,,2,0,,,0,2,0,,,0,0,0,,1,0,0,0,0,0,0,2,0,0,0,0,,,0,0,0,0,0,0,2,2,0,0,,,,0,0,0,1,0,0,
i440,0,,0,0,0,0,,,,0,0,0,0,0,,0,0,2,,0,2,,,2,,0,0,,1,,,0,0,0,,0,1,0,2,0,2,1,1,0,0,,0,1,0,0,,,,0,0,1,0,,1,,0,0,1,0,,0,,0,2,,0,0,0,,0,2,,0,,0,2,0,,0,0,0,0,,0
i441,,0,,0,0,,0,,2,0,0,,,0,0,0,0,,1,0,,0,,2,2,0,0,,,0,,,,0,,0,0,0,,0,2,,2,0,0,0,0,,,,2,0,,0,0,0,0,0,0,,0,0,,0,,,0,0,2,0,0,0,,0,0,2,2,0,0,,2,0,,,0,,,,0
i443,,1,0,0,0,1,,1,0,0,,,,,,0,1,,,0,1,1,1,1,1,0,0,0,0,1,0,1,1,1,,0,,0,1,1,1,0,,1,0,,,0,0,0,0,0,,,0,0,0,,0,0,0,1,0,1,1,0,0,0,1,0,0,0,0,,0,1,0,1,0,0,1,0,0,,0,0,0,1,
i446,0,0,,0,,0,,2,1,1,,0,0,,,0,,,0,,2,,,,2,0,0,1,1,0,,,0,,0,0,0,0,2,0,2,,1,0,1,1,,,,0,1,0,,,,1,,,1,0,0,,,0,0,0,0,0,2,,0,0,0,0,0,2,,0,0,0,,0,0,0,0,0,,0,
i449,0,0,0,0,,0,,,1,0,,0,,0,,0,0,2,0,0,,,,2,2,,,0,0,0,0,,1,0,0,0,0,,,,2,,1,0,0,,0,,0,0,1,0,,,,,0,0,0,,0,,1,0,0,0,,0,,0,0,0,0,0,0,,1,0,0,0,2,,0,0,0,0,,0,0
i45,0,,0,0,0,,,2,0,0,0,0,0,0,0,0,,2,0,0,,0,1,2,2,,,,,0,0,0,1,0,,0,,,,,2,,0,,0,0,0,0,,0,1,0,1,,0,0,0,0,1,,0,0,0,0,0,0,0,0,2,0,0,0,,0,0,2,0,0,,0,2,,0,0,,0,0,,
i453,1,0,1,0,0,0,0,2,1,0,,0,,0,0,,0,2,1,,,,0,2,2,,0,1,0,,0,0,0,,1,0,2,,,0,2,0,1,0,0,0,0,,0,0,2,,,0,0,0,0,0,,0,0,0,0,0,0,0,0,0,2,0,0,,0,0,0,2,,0,0,,,,,0,,0,0,0,0
i455,0,0,0,0,,0,0,2,0,,0,0,0,0,0,,,,0,0,,0,1,2,2,0,0,1,,0,0,0,,0,0,0,1,,2,0,2,,0,0,0,0,,,0,0,1,,,0,0,0,0,0,1,0,0,0,0,0,0,0,0,0,2,,0,,0,0,0,2,,,0,,,,0,0,0,,0,0,
i456,1,,,0,,0,0,2,1,,,0,,,0,,0,,1,0,2,0,1,,2,,0,0,0,0,0,,0,,,0,1,,2,,2,0,1,0,0,,,,0,0,,0,,0,0,0,0,0,0,,,0,0,0,0,0,0,,2,,0,0,0,0,,,,,,0,2,0,0,0,0,0,0,,
i459,,,,,0,0,0,2,,0,,,0,0,0,0,0,2,0,,2,,,2,2,,,0,1,0,1,0,,,0,0,,0,2,,2,,1,0,0,1,0,,0,,,,0,0,0,1,0,0,1,0,0,,1,0,0,0,0,,2,,1,,0,0,0,2,1,0,0,0,2,0,0,0,0,0,0,0,0
i468,0,,0,0,0,0,,2,2,,,0,,1,,0,,2,0,0,,0,0,2,2,0,0,0,,0,0,,0,0,0,0,0,,,0,2,,2,,0,,,2,,,2,,0,0,0,0,0,0,,0,0,,2,0,0,2,0,,2,,0,,1,0,2,2,2,0,0,0,2,0,2,0,1,,0,0,0
i472,1,,0,,0,,0,2,2,0,0,0,0,0,,,,,1,0,2,0,,2,2,,,0,0,,0,,0,0,0,0,1,0,2,,2,,2,0,0,0,0,,,,2,,,,,0,0,,0,,0,0,1,0,0,1,0,0,2,0,,0,0,,,2,2,0,1,0,2,0,1,0,,0,0,0,
i476,1,0,0,0,,,0,,1,0,0,0,0,0,0,0,0,2,1,0,2,0,1,,2,,0,0,0,,0,0,1,0,0,0,0,0,,0,2,0,1,,0,,0,,0,,,0,1,,0,0,,,,0,1,0,,0,0,,0,0,,,0,,,0,,,1,,,,2,0,0,,,0,,0,0
i48,0,,0,0,,0,,2,,,,,0,,0,0,0,,0,,2,,,2,,0,0,0,1,0,1,,0,,0,0,1,,2,0,,0,1,0,0,1,,,0,0,2,,0,,,,,0,1,0,0,0,1,0,0,0,0,0,2,0,0,0,0,0,0,2,,0,0,,,0,0,,,0,0,,0
i492,1,0,,0,,0,0,2,,0,0,,0,0,,0,,2,1,,,0,,,2,0,0,0,0,0,0,0,0,0,0,,,0,2,0,2,0,1,0,,0,,1,,0,2,0,0,0,0,,0,0,1,0,,0,0,0,0,,0,0,2,0,0,,,,0,2,1,,0,0,2,0,,,0,,0,0,
i55,1,0,,0,0,0,0,2,1,0,,,0,0,0,0,0,,,0,,,0,2,,0,0,0,0,0,0,0,0,0,,,2,0,2,,2,0,1,,0,0,0,1,0,0,2,0,0,,0,0,,0,,,0,,0,0,0,0,0,0,2,0,0,0,,,0,2,1,0,1,,2,,,0,0,,0,0,
i56,0,,0,0,0,,0,2,1,0,0,0,,0,0,,,,,0,2,,0,,,1,0,,1,0,,0,,0,0,0,1,,2,0,,0,,,0,1,0,2,0,0,2,,0,0,,,0,,,0,0,0,1,0,0,0,0,1,,0,,0,0,0,0,2,1,,0,,2,,0,0,,0,0,,0
i60,,,1,,,,0,,2,0,0,,0,0,0,,,2,2,0,2,0,0,2,2,,0,0,0,0,0,,0,,0,0,1,0,2,,,0,2,0,,0,,2,,0,2,,0,,0,0,,0,0,0,0,0,1,0,0,0,0,0,2,,0,0,0,0,0,2,2,0,,,2,0,0,0,0,0,,,0
i62,,0,,0,0,0,,2,1,0,0,0,0,0,0,,0,,1,0,2,,0,2,2,,,0,,0,0,,0,0,0,0,1,,2,0,2,,1,0,0,0,,1,0,0,,0,,0,0,,0,0,1,,,0,,0,0,0,0,0,2,0,0,0,0,0,0,,1,,0,1,2,,0,,0,,0,0,0
i63,0,0,0,,,0,0,2,,0,,0,,,0,0,0,2,0,0,2,0,,,,0,0,1,1,0,,0,0,0,,0,1,,,0,2,0,1,0,0,1,0,,,0,2,0,,0,0,1,0,,,0,0,,1,,0,,0,,,0,0,0,0,,0,2,1,,0,,2,0,0,0,0,0,0,0,0
i64,1,0,0,0,0,,0,,,0,0,0,,0,0,,0,2,0,0,,,0,2,2,0,0,,,0,,,,0,0,0,1,,2,0,,,1,,0,,0,1,0,0,2,0,,,,0,0,,1,,0,0,,,0,0,0,0,2,0,0,0,,0,0,,,0,0,0,2,,0,0,0,,0,0,0
i73,,0,0,0,0,0,0,,0,0,0,1,,0,0,,0,2,0,0,2,0,,2,2,0,,,0,0,0,0,1,,,0,1,,2,0,,,,,0,,,0,,0,,0,1,,0,0,0,0,1,0,0,0,,,0,0,0,0,2,0,0,0,0,0,0,2,0,0,,,,0,0,0,0,0,0,0,
i75,0,,0,0,0,0,,2,1,1,0,0,0,,0,0,0,1,0,0,2,0,,2,,0,,,0,0,0,0,,0,0,0,,0,,0,2,,1,0,0,1,0,1,0,,1,,0,0,,1,0,0,1,0,0,0,,,0,0,,,2,0,,0,,0,,2,1,,0,,2,,0,0,,1,1,,1
i84,0,,,0,,0,,2,2,,0,0,,,0,0,0,2,0,0,2,0,,2,,,0,,,0,0,0,0,,0,0,0,0,2,0,2,0,2,0,0,,0,,0,2,2,0,0,0,0,0,0,,,0,0,0,2,0,,0,0,,2,0,,,0,0,,,2,,0,0,,,0,0,0,,0,0,
i86,,0,0,,0,0,,2,0,,,,0,,0,0,,2,0,,2,0,1,2,,,0,0,0,0,0,0,1,0,0,0,1,,2,0,,,,0,0,0,0,0,0,0,1,0,1,,,0,,0,1,0,,,,0,0,0,0,0,2,,0,0,,0,0,2,0,0,0,,2,,,,0,0,0,,
i9,0,0,0,,0,,0,2,1,,0,0,,,,0,0,2,,0,,0,0,,,0,,0,0,0,0,,0,0,,0,1,0,2,0,,0,,,0,,,1,0,0,2,,0,1,,1,0,0,,,,0,,0,,,,0,,0,0,0,0,0,0,,1,0,0,0,2,0,0,0,0,1,0,0,0
i90,0,0,,0,,0,0,,0,0,0,,0,0,0,,0,,0,,2,,0,2,,0,0,2,,0,0,0,0,0,0,0,2,0,,,2,0,,,0,0,0,0,0,,2,0,,0,,0,0,0,,,,,0,0,,0,0,0,2,0,,0,0,,0,,0,0,0,0,,,0,0,,0,,,0
i94,0,0,,,,0,0,2,,0,0,1,0,,0,0,,,0,,2,0,,2,,0,0,1,0,,,0,,,0,0,1,0,2,,2,,,0,0,,0,,0,0,1,0,1,,0,0,0,0,,0,0,,,,0,0,,0,2,,0,0,0,0,0,2,,0,,,2,0,0,0,,0,0,,
i96,0,,0,0,0,0,,,,0,0,0,0,,0,0,0,2,0,,2,0,,,2,0,0,0,0,0,0,0,,,0,,,0,,,,0,0,,0,0,,0,0,0,0,0,,0,0,0,,0,0,0,0,0,,0,,0,0,,2,,0,0,0,0,0,2,,0,0,0,2,0,0,0,0,,,0,0
i99,0,0,0,,0,0,0,,0,1,0,,,0,,0,0,1,,0,2,0,,2,2,0,0,1,,,0,0,1,0,,0,0,0,2,0,2,,0,0,,0,,,0,0,,0,1,0,,,,0,1,0,,,0,,0,,,0,2,0,0,0,0,0,,2,0,0,0,0,2,0,,,,0,0,,1
